{"cameraMode":{"drawMode":0,"name":"Shaded","section":"Shading Mode"},"sceneLighting":true,"audioPlay":false,"sceneViewState":{"showFog":true,"showMaterialUpdate":false,"showSkybox":true,"showFlares":true,"showImageEffects":true,"showParticleSystems":true},"in2DMode":false,"pivot":{"x":-2.3627490997314455,"y":1.149999976158142,"z":1.1351789236068726},"rotation":{"x":0.175272136926651,"y":0.3134308159351349,"z":-0.05897973105311394,"w":0.931431233882904},"size":8.161349296569825,"orthographic":false}