{"cameraMode":{"drawMode":0,"name":"Shaded","section":"Shading Mode"},"sceneLighting":false,"audioPlay":false,"sceneViewState":{"showFog":true,"showMaterialUpdate":false,"showSkybox":true,"showFlares":true,"showImageEffects":true,"showParticleSystems":true},"in2DMode":false,"pivot":{"x":1.8096147775650025,"y":0.44218969345092776,"z":13.272891998291016},"rotation":{"x":-0.03179448843002319,"y":-0.024888232350349428,"z":0.0007919662166386843,"w":-0.99918532371521},"size":11.787816047668457,"orthographic":true}