{"cameraMode":{"drawMode":0,"name":"Shaded","section":"Shading Mode"},"sceneLighting":true,"audioPlay":false,"sceneViewState":{"showFog":true,"showMaterialUpdate":false,"showSkybox":true,"showFlares":true,"showImageEffects":true,"showParticleSystems":true},"in2DMode":false,"pivot":{"x":-2.748757839202881,"y":0.000002082349510601489,"z":6.908478736877441},"rotation":{"x":0.1256931573152542,"y":-0.18633204698562623,"z":0.02404254861176014,"w":0.9741193652153015},"size":235.02513122558595,"orthographic":false}